<?xml version="1.0" encoding="UTF-8"?>
<beans xsi:schemaLocation=" http://www.springframework.org/schema/beans 
	http://www.springframework.org/schema/beans/spring-beans.xsd 
	http://www.springframework.org/schema/context 
	http://www.springframework.org/schema/context/spring-context.xsd 
	http://www.springframework.org/schema/mvc 
	http://www.springframework.org/schema/mvc/spring-mvc.xsd 
	http://www.springframework.org/schema/data/jpa 
	http://www.springframework.org/schema/data/jpa/spring-jpa.xsd"
	xmlns:jpa="http://www.springframework.org/schema/data/jpa"
	xmlns:mvc="http://www.springframework.org/schema/mvc"
	xmlns:context="http://www.springframework.org/schema/context"
	xmlns:xsi="http://www.w3.org/2001/XMLSchema-instance"
	xmlns="http://www.springframework.org/schema/beans">

	<context:component-scan base-package="com.bonvoyage" />
	<mvc:annotation-driven />
	<jpa:repositories base-package="com.bonvoyage.repository" />

	<bean
		class="org.springframework.web.servlet.view.InternalResourceViewResolver">
		<property name="prefix" value="/WEB-INF/view/" />
		<property name="suffix" value=".jsp" />
	</bean>

	<bean id="dataSource" class="org.springframework.jdbc.datasource.DriverManagerDataSource">
		<property name="driverClassName" value="oracle.jdbc.OracleDriver" />
		<property name="url" value="jdbc:oracle:thin:@localhost:1521:ose" />
		<property name="username" value="bonvoyage" />
		<property name="password" value="bonvoyage5" />
	</bean>

	<bean id="hibernateJpaVendorAdapter"
		class="org.springframework.orm.jpa.vendor.HibernateJpaVendorAdapter">
		<property name="generateDdl" value="false" />
		<property name="showSql" value="true" />
	</bean>

	<bean id="entityManagerFactory" class="org.springframework.orm.jpa.LocalContainerEntityManagerFactoryBean">
		<property name="dataSource" ref="dataSource" />
		<property name="jpaVendorAdapter" ref="hibernateJpaVendorAdapter" />
		<property name="packagesToScan" value="com.bonvoyage" />
	</bean>

	<bean id="transactionManager" class="org.springframework.orm.jpa.JpaTransactionManager">
		<property name="entityManagerFactory" ref="entityManagerFactory"></property>
	</bean>

</beans>
